history_id,stable_plot_id,remeasurement_component_id,state,CONDID,first_PLT_CN,last_PLT_CN,first_measurement_date_lower,first_measurement_date_upper,first_measurement_date,last_measurement_date_lower,last_measurement_date_upper,last_measurement_date,history_date_source,first_included_month,last_included_month,expected_CWD_months,observed_CWD_months,cumulative_site_CWD_mm,mean_monthly_site_CWD_mm,min_monthly_site_CWD_mm,max_monthly_site_CWD_mm,cumulative_site_CWD_complete,cumulative_site_CWD_status
fia_component_v1|2_1_122_9810|48528781010760|1,2_1_122_9810,fia_component_v1|2_1_122_9810|48528781010760,AK,1,48528781010760,547409945126144,2008-08-05,2008-08-05,2008-08-05,2021-05-26,2021-05-26,2021-05-26,exact_day_both_endpoints,2008-09-01,2021-05-01,153,0,,,,,FALSE,no_site_climate
fia_component_v1|2_1_201_18493|36217732010760|1,2_1_201_18493,fia_component_v1|2_1_201_18493|36217732010760,AK,1,36217732010760,886189359290487,2010-06-22,2010-06-22,2010-06-22,2024-06-06,2024-06-06,2024-06-06,exact_day_both_endpoints,2010-07-01,2024-06-01,168,0,,,,,FALSE,no_site_climate
fia_component_v1|2_1_261_2026|36221204010760|1,2_1_261_2026,fia_component_v1|2_1_261_2026|36221204010760,AK,1,36221204010760,698883681126144,2009-07-31,2009-07-31,2009-07-31,2021-07-01,2021-07-01,2021-07-01,exact_day_both_endpoints,2009-08-01,2021-07-01,144,0,,,,,FALSE,no_site_climate
fia_component_v1|2_1_261_67852|38176715010760|1,2_1_261_67852,fia_component_v1|2_1_261_67852|38176715010760,AK,1,38176715010760,698883637126144,2009-07-31,2009-07-31,2009-07-31,2021-07-01,2021-07-01,2021-07-01,exact_day_both_endpoints,2009-08-01,2021-07-01,144,0,,,,,FALSE,no_site_climate
fia_component_v1|21_2_197_5|1207335317290487|1,21_2_197_5,fia_component_v1|21_2_197_5|1207335317290487,KY,1,74653268010478,1207335317290487,2003-04-14,2003-04-14,2003-04-14,2026-02-05,2026-02-05,2026-02-05,exact_day_both_endpoints,2003-05-01,2026-02-01,274,272,2288.6,8.4139705882353,0,130.7,FALSE,incomplete_months
fia_component_v1|21_3_25_19|1207335555290487|1,21_3_25_19,fia_component_v1|21_3_25_19|1207335555290487,KY,1,74716921010478,1207335555290487,2002-02-28,2002-02-28,2002-02-28,2026-02-02,2026-02-02,2026-02-02,exact_day_both_endpoints,2002-03-01,2026-02-01,288,286,2493.1,8.71713286713287,0,130.4,FALSE,incomplete_months
fia_component_v1|21_4_113_2|1207335225290487|1,21_4_113_2,fia_component_v1|21_4_113_2|1207335225290487,KY,1,74598619010478,1207335225290487,2003-07-09,2003-07-09,2003-07-09,2026-02-10,2026-02-10,2026-02-10,exact_day_both_endpoints,2003-08-01,2026-02-01,271,269,2966.7,11.028624535316,0,138.5,FALSE,incomplete_months
fia_component_v1|21_6_141_65|1207335527290487|1,21_6_141_65,fia_component_v1|21_6_141_65|1207335527290487,KY,1,225797505010854,1207335527290487,2011-03-22,2011-03-22,2011-03-22,2026-02-24,2026-02-24,2026-02-24,exact_day_both_endpoints,2011-04-01,2026-02-01,179,177,2063.2,11.6564971751412,0,114.1,FALSE,incomplete_months
fia_component_v1|21_6_33_22|1207335502290487|1,21_6_33_22,fia_component_v1|21_6_33_22|1207335502290487,KY,1,74682324010478,1207335502290487,2003-06-09,2003-06-09,2003-06-09,2026-02-03,2026-02-03,2026-02-03,exact_day_both_endpoints,2003-07-01,2026-02-01,272,270,4294.5,15.9055555555556,0,159,FALSE,incomplete_months
