scenario,response,group,group_label,term,estimate,std_error,statistic,p_value,conf_low,conf_high,n,stable_plots
baseline,CWD,community,Pooled all live,cumulative_site_CWD_mm,0.000239294330150367,5.63763699385909e-05,4.24458563775964,2.19251574311719e-05,0.000128796953409171,0.000349791706891562,77669,76422
baseline,CWD,community,Pooled all live,disease_cumulative_mortality_pct,0.0804777086559402,0.0347053040144871,2.31888787438215,0.0204036986410659,0.0124555026007492,0.148499914711131,77669,76422
baseline,CWD,community,Pooled all live,fire_cumulative_mortality_pct,-0.112661501828298,0.0333717640879024,-3.37595284239525,0.000735965516254312,-0.178069976920893,-0.0472530267357028,77669,76422
baseline,CWD,community,Pooled all live,full_survey_period_years,-0.0938275898931709,0.0377154965295993,-2.48777289249088,0.0128566599231823,-0.167749756814381,-0.0199054229719611,77669,76422
baseline,CWD,community,Pooled all live,insect_cumulative_mortality_pct,0.0149680041977463,0.0336747122892258,0.444487960852906,0.656691069714188,-0.0510342477125326,0.0809702561080252,77669,76422
mean_monthly_CWD,CWD,community,Pooled all live,disease_cumulative_mortality_pct,0.0825616900928073,0.034709449157554,2.37865169562447,0.0173784886653543,0.014531359579876,0.150592020605739,77669,76422
mean_monthly_CWD,CWD,community,Pooled all live,fire_cumulative_mortality_pct,-0.11149228866251,0.033332669639032,-3.34483525831829,0.000823704166873635,-0.176824138849138,-0.0461604384758819,77669,76422
mean_monthly_CWD,CWD,community,Pooled all live,full_survey_period_years,-0.024030687260416,0.0397264114567286,-0.604904555413748,0.545244183494078,-0.101894236440532,0.0538328619197,77669,76422
mean_monthly_CWD,CWD,community,Pooled all live,insect_cumulative_mortality_pct,0.0174710154958366,0.0336057751801566,0.519881341887712,0.603147762332252,-0.0483961200577034,0.0833381510493766,77669,76422
mean_monthly_CWD,CWD,community,Pooled all live,mean_monthly_site_CWD_mm,0.0362138637986162,0.00804232965529358,4.50290716133225,6.71275296078643e-06,0.0204509416600349,0.0519767859371975,77669,76422
no_survey_period,CWD,community,Pooled all live,cumulative_site_CWD_mm,0.000240232091031424,5.63749912689739e-05,4.26132378247722,2.03458677550173e-05,0.000129737416497311,0.000350726765565537,77669,76422
no_survey_period,CWD,community,Pooled all live,disease_cumulative_mortality_pct,0.0765492074252366,0.0345703152918214,2.21430457833708,0.0268107264594741,0.00879157854177566,0.144306836308698,77669,76422
no_survey_period,CWD,community,Pooled all live,fire_cumulative_mortality_pct,-0.111457687070211,0.0333820391917404,-3.33885196257839,0.000841649270951496,-0.176886301297002,-0.0460290728434209,77669,76422
no_survey_period,CWD,community,Pooled all live,insect_cumulative_mortality_pct,0.0155637178122578,0.033657874771925,0.462409403972231,0.643789052234552,-0.0504055326429624,0.081532968267478,77669,76422
baseline,CWD,saplings,Saplings,cumulative_site_CWD_mm,0.000217896279716769,8.08099904358677e-05,2.69640274106573,0.00701161186158076,5.9507809443495e-05,0.000376284749990042,50463,50031
baseline,CWD,saplings,Saplings,disease_cumulative_mortality_pct,0.00623781649819615,0.0505784416459183,0.12332955099457,0.901846632365392,-0.0928964855589332,0.105372118555326,50463,50031
baseline,CWD,saplings,Saplings,fire_cumulative_mortality_pct,0.00274429505341308,0.0827786000457265,0.0331522283766232,0.973553324525841,-0.159502671712547,0.164991261819373,50463,50031
baseline,CWD,saplings,Saplings,full_survey_period_years,-0.123999933545565,0.0471127288469283,-2.63198368212649,0.00849137711193268,-0.216341400389156,-0.0316584667019753,50463,50031
baseline,CWD,saplings,Saplings,insect_cumulative_mortality_pct,0.194713906363038,0.055360330874062,3.51720994598079,0.000436491657067091,0.0862070488115111,0.303220763914565,50463,50031
mean_monthly_CWD,CWD,saplings,Saplings,disease_cumulative_mortality_pct,0.00865045928975958,0.0505964424561619,0.170969713873749,0.864248265312276,-0.0905191245534804,0.107820043133,50463,50031
mean_monthly_CWD,CWD,saplings,Saplings,fire_cumulative_mortality_pct,0.0048410436584821,0.0827259368033577,0.0585190551542429,0.953335416422074,-0.157302702573068,0.166984789890032,50463,50031
mean_monthly_CWD,CWD,saplings,Saplings,full_survey_period_years,-0.0784327834849045,0.0491464950634877,-1.59589780275449,0.110517874868178,-0.174760454487125,0.0178948875173156,50463,50031
mean_monthly_CWD,CWD,saplings,Saplings,insect_cumulative_mortality_pct,0.196867897521542,0.0553823284100387,3.55470604384806,0.000378747605618771,0.0883179245574984,0.305417870485586,50463,50031
mean_monthly_CWD,CWD,saplings,Saplings,mean_monthly_site_CWD_mm,0.0293349370267233,0.010641006193327,2.75678225289628,0.00583941793048494,0.00847844782237088,0.0501914262310757,50463,50031
no_survey_period,CWD,saplings,Saplings,cumulative_site_CWD_mm,0.000222234001875095,8.08240445070809e-05,2.74960258708193,0.00596888167947119,6.38179855429428e-05,0.000380650018207246,50463,50031
no_survey_period,CWD,saplings,Saplings,disease_cumulative_mortality_pct,-0.000154738911232534,0.0504213598270663,-0.00306891586746675,0.99755137538669,-0.0989811588283161,0.098671681005851,50463,50031
no_survey_period,CWD,saplings,Saplings,fire_cumulative_mortality_pct,0.0035418107886087,0.0828024883739728,0.0427742071302533,0.965881694143669,-0.158751977286361,0.165835598863578,50463,50031
no_survey_period,CWD,saplings,Saplings,insect_cumulative_mortality_pct,0.19492297402481,0.0553378531559084,3.52241662638475,0.000428009116155673,0.086460173099714,0.303385774949906,50463,50031
baseline,CWD,seedlings,Seedlings,cumulative_site_CWD_mm,0.000177819266722677,0.000100170508513212,1.77516585831471,0.0758756257552988,-1.85153236296673e-05,0.000374153857075021,59395,58711
baseline,CWD,seedlings,Seedlings,disease_cumulative_mortality_pct,0.0340918186036687,0.0431300219998634,0.790442875354357,0.42927232725664,-0.0504431940154784,0.118626831222816,59395,58711
baseline,CWD,seedlings,Seedlings,fire_cumulative_mortality_pct,-0.210810367458222,0.0462693922502561,-4.5561516416299,5.22028633905746e-06,-0.301498558105749,-0.120122176810694,59395,58711
baseline,CWD,seedlings,Seedlings,full_survey_period_years,-0.0896440732737601,0.0513056489574619,-1.74725542109573,0.080598210636866,-0.190203346859716,0.0109152003121962,59395,58711
baseline,CWD,seedlings,Seedlings,insect_cumulative_mortality_pct,-0.0198092145520895,0.0411630628715196,-0.481237623495588,0.630349396782141,-0.100488979549605,0.0608705504454259,59395,58711
mean_monthly_CWD,CWD,seedlings,Seedlings,disease_cumulative_mortality_pct,0.0352335485132602,0.0430793496441564,0.817875590144606,0.413431511084353,-0.0492021460895605,0.119669243116081,59395,58711
mean_monthly_CWD,CWD,seedlings,Seedlings,fire_cumulative_mortality_pct,-0.21093436208465,0.0462348919864963,-4.56223326197577,5.07134654831171e-06,-0.301554932079623,-0.120313792089677,59395,58711
mean_monthly_CWD,CWD,seedlings,Seedlings,full_survey_period_years,-0.040110732919408,0.0532137073130085,-0.75376693233329,0.450992171549265,-0.144409808380835,0.0641883425420193,59395,58711
mean_monthly_CWD,CWD,seedlings,Seedlings,insect_cumulative_mortality_pct,-0.0190442308668721,0.0410585539299618,-0.463831017998295,0.64277051840869,-0.0995191579282179,0.0614306961944738,59395,58711
mean_monthly_CWD,CWD,seedlings,Seedlings,mean_monthly_site_CWD_mm,0.030832412740351,0.0136950133668344,2.25136054375958,0.0243663508517672,0.0039901327204521,0.0576746927602499,59395,58711
no_survey_period,CWD,seedlings,Seedlings,cumulative_site_CWD_mm,0.000180347577325478,0.000100219328013856,1.79952890225471,0.0719401300095869,-1.60826993725776e-05,0.000376777854023534,59395,58711
no_survey_period,CWD,seedlings,Seedlings,disease_cumulative_mortality_pct,0.030798287378042,0.0430451635940534,0.715487753014296,0.474310518551228,-0.0535704024032744,0.115166977159358,59395,58711
no_survey_period,CWD,seedlings,Seedlings,fire_cumulative_mortality_pct,-0.209494316173729,0.0462724934185318,-4.52740495911613,5.98282593757756e-06,-0.300188585092141,-0.118800047255317,59395,58711
no_survey_period,CWD,seedlings,Seedlings,insect_cumulative_mortality_pct,-0.0185024174814707,0.0410964961374502,-0.450218856118246,0.652554284636171,-0.0990517113909636,0.0620468764280221,59395,58711
baseline,CWD,trees,Adults,cumulative_site_CWD_mm,0.000192672543110371,4.34551184629355e-05,4.43382850917111,9.27073347370247e-06,0.0001075006824139,0.000277844403806842,73981,72893
baseline,CWD,trees,Adults,disease_cumulative_mortality_pct,0.189783950390506,0.0314899270332284,6.02681454899037,1.68010472327223e-09,0.128063817676939,0.251504083104074,73981,72893
baseline,CWD,trees,Adults,fire_cumulative_mortality_pct,0.132605900149637,0.0268607453363606,4.93679153311252,7.95907393013558e-07,0.0799589452933698,0.185252855005904,73981,72893
baseline,CWD,trees,Adults,full_survey_period_years,0.0120898304110454,0.0268780679374507,0.449802807224843,0.652853951472346,-0.0405910766749963,0.064770737497087,73981,72893
baseline,CWD,trees,Adults,insect_cumulative_mortality_pct,0.100562356682281,0.0224052834134037,4.48833227532933,7.18910207640706e-06,0.0566480896120152,0.144476623752546,73981,72893
mean_monthly_CWD,CWD,trees,Adults,disease_cumulative_mortality_pct,0.19139597138933,0.0315054923668321,6.07500334103094,1.2458768940298e-09,0.129645330683326,0.253146612095334,73981,72893
mean_monthly_CWD,CWD,trees,Adults,fire_cumulative_mortality_pct,0.134296699413594,0.0268493767635628,5.00185537251828,5.69108695190117e-07,0.0816720269151459,0.186921371912042,73981,72893
mean_monthly_CWD,CWD,trees,Adults,full_survey_period_years,0.062105913115122,0.0285433111292175,2.17584823407363,0.0295697646842467,0.00616113594491792,0.118050690285326,73981,72893
mean_monthly_CWD,CWD,trees,Adults,insect_cumulative_mortality_pct,0.103035302063298,0.02237790677778,4.60433154389606,4.14480025778213e-06,0.0591746930908161,0.14689591103578,73981,72893
mean_monthly_CWD,CWD,trees,Adults,mean_monthly_site_CWD_mm,0.025883871034108,0.00592597529437346,4.36786684863231,1.25636244031049e-05,0.0142689828433507,0.0374987592248652,73981,72893
no_survey_period,CWD,trees,Adults,cumulative_site_CWD_mm,0.000192586223349237,4.34508203530049e-05,4.43228049055508,9.33754507971234e-06,0.000107422786950105,0.00027774965974837,73981,72893
no_survey_period,CWD,trees,Adults,disease_cumulative_mortality_pct,0.190303986305135,0.031357130372626,6.06892225288785,1.29394818998113e-09,0.128844134535875,0.251763838074396,73981,72893
no_survey_period,CWD,trees,Adults,fire_cumulative_mortality_pct,0.132481938959422,0.0268674348967805,4.93094854303702,8.20081730005038e-07,0.079821872602779,0.185142005316065,73981,72893
no_survey_period,CWD,trees,Adults,insect_cumulative_mortality_pct,0.100503867623414,0.0223989349401288,4.48699314909642,7.23440662173468e-06,0.0566020435454242,0.144405691701404,73981,72893
baseline,precipitation,community,Pooled all live,cumulative_site_CWD_mm,-0.000275333833983974,4.55908237079064e-05,-6.0392379779755,1.55544099997248e-09,-0.000364691599102256,-0.000185976068865692,77669,76422
baseline,precipitation,community,Pooled all live,disease_cumulative_mortality_pct,0.0073061792886718,0.0327350118349683,0.223191588428484,0.823386985299079,-0.0568542648707521,0.0714666234480957,77669,76422
baseline,precipitation,community,Pooled all live,fire_cumulative_mortality_pct,0.0644582931512428,0.0343081440572251,1.8788044332485,0.0602749437158425,-0.00278548155989579,0.131702067862381,77669,76422
baseline,precipitation,community,Pooled all live,full_survey_period_years,0.337018847692667,0.0433610995310525,7.77237780723977,7.79661006595911e-15,0.252031329766022,0.422006365619313,77669,76422
baseline,precipitation,community,Pooled all live,insect_cumulative_mortality_pct,0.0023782144407523,0.0276561113098009,0.0859923658142603,0.931472707620718,-0.0518276124672987,0.0565840413488033,77669,76422
mean_monthly_CWD,precipitation,community,Pooled all live,disease_cumulative_mortality_pct,0.00503353649031394,0.0327452764264334,0.153717941628083,0.8778325369433,-0.0591470262122417,0.0692140991928696,77669,76422
mean_monthly_CWD,precipitation,community,Pooled all live,fire_cumulative_mortality_pct,0.0623723744097465,0.0342781550802582,1.81959543224275,0.0688244859670194,-0.00481262207055516,0.129557370890048,77669,76422
mean_monthly_CWD,precipitation,community,Pooled all live,full_survey_period_years,0.265374402966063,0.0464164651380457,5.71724714876114,1.0865906749027e-08,0.174398385160376,0.356350420771749,77669,76422
mean_monthly_CWD,precipitation,community,Pooled all live,insect_cumulative_mortality_pct,-0.00102283112572009,0.0276073819693189,-0.0370491894833345,0.97044588032683,-0.055133148792941,0.0530874865415008,77669,76422
mean_monthly_CWD,precipitation,community,Pooled all live,mean_monthly_site_CWD_mm,-0.0372968964070119,0.00682574342914001,-5.46415153077488,4.66550858327319e-08,-0.0506753161961892,-0.0239184766178347,77669,76422
no_survey_period,precipitation,community,Pooled all live,cumulative_site_CWD_mm,-0.00027870217257079,4.55986727073363e-05,-6.11206765511731,9.88146321916979e-10,-0.000368075321667091,-0.000189329023474489,77669,76422
no_survey_period,precipitation,community,Pooled all live,disease_cumulative_mortality_pct,0.0214169430782819,0.032682001663381,0.655313077175406,0.512268143866654,-0.0426396014219042,0.085473487578468,77669,76422
no_survey_period,precipitation,community,Pooled all live,fire_cumulative_mortality_pct,0.0601343169831695,0.0343045359073321,1.75295526940263,0.0796136305996002,-0.00710238576042018,0.127371019726759,77669,76422
no_survey_period,precipitation,community,Pooled all live,insect_cumulative_mortality_pct,0.000238473708350451,0.0276378176260814,0.0086285289083537,0.993115537590586,-0.0539314976687933,0.0544084450854942,77669,76422
baseline,precipitation,saplings,Saplings,cumulative_site_CWD_mm,-0.000506491326494158,6.76263175848601e-05,-7.48955945824779,7.02288482886949e-14,-0.00063903965294126,-0.000373943000047056,50463,50031
baseline,precipitation,saplings,Saplings,disease_cumulative_mortality_pct,0.0560536697231003,0.0551883579447189,1.01567924487349,0.309787024870376,-0.0521161189949802,0.164223458441181,50463,50031
baseline,precipitation,saplings,Saplings,fire_cumulative_mortality_pct,0.107349220785694,0.0850980440380978,1.2614769469629,0.207142892442798,-0.0594438817223287,0.274142323293716,50463,50031
baseline,precipitation,saplings,Saplings,full_survey_period_years,0.234735186985918,0.0604912207134813,3.88048355145202,0.000104381397684825,0.116171728902415,0.353298645069421,50463,50031
baseline,precipitation,saplings,Saplings,insect_cumulative_mortality_pct,-0.120310376839116,0.0523817433482623,-2.29679978459722,0.0216342696703506,-0.222979170071592,-0.0176415836066392,50463,50031
mean_monthly_CWD,precipitation,saplings,Saplings,disease_cumulative_mortality_pct,0.0494832900370567,0.0551590862013414,0.897101338053953,0.369669125026006,-0.0586291257419751,0.157595705816088,50463,50031
mean_monthly_CWD,precipitation,saplings,Saplings,fire_cumulative_mortality_pct,0.0997029467423007,0.0850250473712065,1.17263029924597,0.240949629545732,-0.066947081495553,0.266352974980154,50463,50031
mean_monthly_CWD,precipitation,saplings,Saplings,full_survey_period_years,0.14532008036049,0.0636558820096072,2.28290105757325,0.0224403369049869,0.0205538513210347,0.270086309399946,50463,50031
mean_monthly_CWD,precipitation,saplings,Saplings,insect_cumulative_mortality_pct,-0.126920414954288,0.0523423382653242,-2.42481362431549,0.0153197346060732,-0.229511973790697,-0.0243288561178796,50463,50031
mean_monthly_CWD,precipitation,saplings,Saplings,mean_monthly_site_CWD_mm,-0.0584884364325523,0.00938798552618208,-6.23013704797843,4.69695888630121e-10,-0.076888991344382,-0.0400878815207226,50463,50031
no_survey_period,precipitation,saplings,Saplings,cumulative_site_CWD_mm,-0.000514702750426522,6.7589210707997e-05,-7.61516142939102,2.67936255261787e-14,-0.000647178346923765,-0.000382227153929278,50463,50031
no_survey_period,precipitation,saplings,Saplings,disease_cumulative_mortality_pct,0.068154947896759,0.0550501844784372,1.23805121712998,0.215702830816305,-0.0397440192560176,0.176053915049536,50463,50031
no_survey_period,precipitation,saplings,Saplings,fire_cumulative_mortality_pct,0.105839502192526,0.0851109244739092,1.24354779185803,0.213671818643072,-0.0609788460320811,0.272657850417132,50463,50031
no_survey_period,precipitation,saplings,Saplings,insect_cumulative_mortality_pct,-0.120706147508304,0.0523589977654716,-2.30535634102424,0.0211506608435768,-0.223330359099489,-0.0180819359171188,50463,50031
baseline,precipitation,seedlings,Seedlings,cumulative_site_CWD_mm,-0.00032768321995635,8.29709036516444e-05,-3.94937508855076,7.84458424224114e-05,-0.000490306517186201,-0.000165059922726499,59395,58711
baseline,precipitation,seedlings,Seedlings,disease_cumulative_mortality_pct,-0.0168170655235155,0.0435487670935659,-0.386166283132276,0.699374906173786,-0.102172820171973,0.0685386891249415,59395,58711
baseline,precipitation,seedlings,Seedlings,fire_cumulative_mortality_pct,0.121726076034145,0.048794393831753,2.49467339329732,0.0126100063056365,0.0260888723637196,0.217363279704571,59395,58711
baseline,precipitation,seedlings,Seedlings,full_survey_period_years,0.324016575994462,0.0610751147259016,5.30521436510783,1.12942834940812e-07,0.204309111108719,0.443724040880204,59395,58711
baseline,precipitation,seedlings,Seedlings,insect_cumulative_mortality_pct,-0.0234185454983736,0.0375393713172345,-0.623839576333609,0.532735341728943,-0.0969958608085145,0.0501587698117673,59395,58711
mean_monthly_CWD,precipitation,seedlings,Seedlings,disease_cumulative_mortality_pct,-0.019727645287655,0.043495953142846,-0.453551281492029,0.650153482665272,-0.104979884385144,0.0655245938098339,59395,58711
mean_monthly_CWD,precipitation,seedlings,Seedlings,fire_cumulative_mortality_pct,0.120447098702726,0.0487526393547136,2.47057595849076,0.0134923532929095,0.0248917339713911,0.21600246343406,59395,58711
mean_monthly_CWD,precipitation,seedlings,Seedlings,full_survey_period_years,0.245711496605764,0.0652894530512694,3.76341790476964,0.000167767892138899,0.117743912040104,0.373679081171423,59395,58711
mean_monthly_CWD,precipitation,seedlings,Seedlings,insect_cumulative_mortality_pct,-0.0259467626591725,0.0374507164782588,-0.692824199351042,0.488422592810437,-0.0993503141365108,0.0474567888181658,59395,58711
mean_monthly_CWD,precipitation,seedlings,Seedlings,mean_monthly_site_CWD_mm,-0.0491592209727337,0.0115163598271295,-4.26864232367312,1.96970969916315e-05,-0.0717313314927819,-0.0265871104526854,59395,58711
no_survey_period,precipitation,seedlings,Seedlings,cumulative_site_CWD_mm,-0.00033682174428543,8.28829145792099e-05,-4.06382601282119,4.83368438261027e-05,-0.000499272582531768,-0.000174370906039092,59395,58711
no_survey_period,precipitation,seedlings,Seedlings,disease_cumulative_mortality_pct,-0.00491266770125862,0.043528351498237,-0.112861331343035,0.910140874968773,-0.0902284076733608,0.0804030722708436,59395,58711
no_survey_period,precipitation,seedlings,Seedlings,fire_cumulative_mortality_pct,0.116969236954196,0.0488053627186223,2.39664722150636,0.0165489171629574,0.0213105342552265,0.212627939653166,59395,58711
no_survey_period,precipitation,seedlings,Seedlings,insect_cumulative_mortality_pct,-0.0281419354211901,0.0374918763639353,-0.750614217011042,0.452887836309536,-0.101626160410994,0.0453422895686136,59395,58711
baseline,precipitation,trees,Adults,cumulative_site_CWD_mm,-0.000254508336729654,3.45891892807398e-05,-7.35803128150713,1.8856789679251e-13,-0.000322303011217444,-0.000186713662241865,73981,72893
baseline,precipitation,trees,Adults,disease_cumulative_mortality_pct,-0.13260565355131,0.0279556503649436,-4.74342938977363,2.10521441739681e-06,-0.187398617942676,-0.0778126891599432,73981,72893
baseline,precipitation,trees,Adults,fire_cumulative_mortality_pct,-0.16382923019873,0.0287206357239682,-5.70423411839766,1.17311613062143e-08,-0.220121562874853,-0.107536897522607,73981,72893
baseline,precipitation,trees,Adults,full_survey_period_years,0.244008944092192,0.0334989513816975,7.28407708384294,3.27090615032447e-13,0.17835113158402,0.309666756600363,73981,72893
baseline,precipitation,trees,Adults,insect_cumulative_mortality_pct,-0.0330059743178034,0.0203451328141853,-1.62230321223515,0.104742702659905,-0.0728823543437603,0.00687040570815346,73981,72893
mean_monthly_CWD,precipitation,trees,Adults,disease_cumulative_mortality_pct,-0.134623726126855,0.0279586356382357,-4.81510356473711,1.47413757709218e-06,-0.189422541642092,-0.0798249106116169,73981,72893
mean_monthly_CWD,precipitation,trees,Adults,fire_cumulative_mortality_pct,-0.166640848763093,0.0286992401147366,-5.8064550872037,6.40693188443333e-09,-0.222891246129558,-0.110390451396628,73981,72893
mean_monthly_CWD,precipitation,trees,Adults,full_survey_period_years,0.183937029055068,0.0349138743403954,5.26830758631253,1.38071625509327e-07,0.115505973131687,0.252368084978448,73981,72893
mean_monthly_CWD,precipitation,trees,Adults,insect_cumulative_mortality_pct,-0.0366388953646222,0.0203294058729238,-1.80226100032862,0.0715084203553696,-0.0764844506477713,0.00320665991852691,73981,72893
mean_monthly_CWD,precipitation,trees,Adults,mean_monthly_site_CWD_mm,-0.0311577806283522,0.00502519170304531,-6.20031681765898,5.66462233044048e-10,-0.0410071365349504,-0.021308424721754,73981,72893
no_survey_period,precipitation,trees,Adults,cumulative_site_CWD_mm,-0.000256250527732541,3.46197999373755e-05,-7.40184888982831,1.35719719588985e-13,-0.000324105198971527,-0.000188395856493555,73981,72893
no_survey_period,precipitation,trees,Adults,disease_cumulative_mortality_pct,-0.122109773120868,0.0278748927927764,-4.38063651145278,1.1849554809997e-05,-0.176744452977404,-0.067475093264333,73981,72893
no_survey_period,precipitation,trees,Adults,fire_cumulative_mortality_pct,-0.166331137843778,0.0287117529823364,-5.79313767244046,6.93623449851238e-09,-0.222606060368911,-0.110056215318645,73981,72893
no_survey_period,precipitation,trees,Adults,insect_cumulative_mortality_pct,-0.0341864584941517,0.0203229501741792,-1.68216022777964,0.0925419945838595,-0.0740193606244279,0.00564644363612451,73981,72893
baseline,temperature,community,Pooled all live,cumulative_site_CWD_mm,-1.98946986624038e-06,6.89704498076025e-07,-2.88452499844518,0.00392112389669244,-3.34128691027882e-06,-6.37652822201933e-07,77669,76422
baseline,temperature,community,Pooled all live,disease_cumulative_mortality_pct,0.00130913125314078,0.00046637231651818,2.80705180554975,0.00500096544772169,0.000395044063488327,0.00222321844279323,77669,76422
baseline,temperature,community,Pooled all live,fire_cumulative_mortality_pct,4.18557506382091e-05,0.000307464041436646,0.136132181319921,0.89171714015697,-0.000560772088969103,0.000644483590245521,77669,76422
baseline,temperature,community,Pooled all live,full_survey_period_years,0.00776778548406274,0.000714965120758821,10.8645656389762,1.77956527478462e-27,0.00636645775772357,0.00916911321040192,77669,76422
baseline,temperature,community,Pooled all live,insect_cumulative_mortality_pct,0.000612658402981776,0.000449712363038445,1.36233391237546,0.173096480669981,-0.000268775368968429,0.00149409217493198,77669,76422
mean_monthly_CWD,temperature,community,Pooled all live,disease_cumulative_mortality_pct,0.00129579083145406,0.000466450655103542,2.77798051578773,0.00547110210040409,0.000381550098602759,0.00221003156430537,77669,76422
mean_monthly_CWD,temperature,community,Pooled all live,fire_cumulative_mortality_pct,8.5587752635178e-06,0.000307113927758248,0.027868404816388,0.977767179560595,-0.000593382843449005,0.000610500393976041,77669,76422
mean_monthly_CWD,temperature,community,Pooled all live,full_survey_period_years,0.00746331788895039,0.000741916807945587,10.0595077628943,8.62632294444004e-24,0.00600916500313161,0.00891747077476916,77669,76422
mean_monthly_CWD,temperature,community,Pooled all live,insect_cumulative_mortality_pct,0.000575261423308102,0.000449184367892872,1.28067997113671,0.200309922160837,-0.000305137481044536,0.00145566032766074,77669,76422
mean_monthly_CWD,temperature,community,Pooled all live,mean_monthly_site_CWD_mm,-0.000161933302719997,9.24599697601047e-05,-1.75138822930774,0.0798830063679941,-0.000343154337759863,1.9287732319869e-05,77669,76422
no_survey_period,temperature,community,Pooled all live,cumulative_site_CWD_mm,-2.06710508385271e-06,6.9083705891037e-07,-2.99217457603256,0.00277084807998672,-3.42114194066046e-06,-7.13068227044971e-07,77669,76422
no_survey_period,temperature,community,Pooled all live,disease_cumulative_mortality_pct,0.00163436346755368,0.000466557710501478,3.50302530805244,0.000460264240798348,0.000719912906891445,0.00254881402821592,77669,76422
no_survey_period,temperature,community,Pooled all live,fire_cumulative_mortality_pct,-5.78054984039266e-05,0.000308095134708597,-0.187622237068431,0.851173283295627,-0.000661670277251455,0.000546059280443602,77669,76422
no_survey_period,temperature,community,Pooled all live,insect_cumulative_mortality_pct,0.000563340546978761,0.000450113639149487,1.25155182598604,0.21073698740671,-0.000318879723777354,0.00144556081773488,77669,76422
baseline,temperature,saplings,Saplings,cumulative_site_CWD_mm,-5.44127661629374e-06,1.01387556813807e-06,-5.36680909106664,8.04944247367235e-08,-7.42848388384415e-06,-3.45406934874334e-06,50463,50031
baseline,temperature,saplings,Saplings,disease_cumulative_mortality_pct,0.00151282320067383,0.000834155442806337,1.81359866883355,0.069745473587246,-0.000122130644062412,0.00314777704541008,50463,50031
baseline,temperature,saplings,Saplings,fire_cumulative_mortality_pct,0.000580601432948433,0.000876267179036537,0.662584936236924,0.507599446911193,-0.00113689187808495,0.00229809474398181,50463,50031
baseline,temperature,saplings,Saplings,full_survey_period_years,0.00640100334108088,0.00108178412843585,5.91708010204965,3.29815663725982e-09,0.004280694548261,0.00852131213390076,50463,50031
baseline,temperature,saplings,Saplings,insect_cumulative_mortality_pct,0.00188231791074236,0.000811030908174449,2.32089540826412,0.020296454211237,0.000292688408285709,0.00347194741319901,50463,50031
mean_monthly_CWD,temperature,saplings,Saplings,disease_cumulative_mortality_pct,0.0014225726822744,0.000833830643545747,1.70606908403499,0.0880013719372529,-0.000211744552337857,0.00305688991688666,50463,50031
mean_monthly_CWD,temperature,saplings,Saplings,fire_cumulative_mortality_pct,0.000441801353727829,0.000875379742315921,0.504696798853251,0.613774013828947,-0.00127395257157014,0.0021575552790258,50463,50031
mean_monthly_CWD,temperature,saplings,Saplings,full_survey_period_years,0.00577766917491851,0.00109910911996273,5.25668386330414,1.47271636650675e-07,0.00362340320810765,0.00793193514172938,50463,50031
mean_monthly_CWD,temperature,saplings,Saplings,insect_cumulative_mortality_pct,0.00177854481969138,0.000811146937868625,2.19262964163398,0.0283386232479483,0.000188687897757668,0.0033684017416251,50463,50031
mean_monthly_CWD,temperature,saplings,Saplings,mean_monthly_site_CWD_mm,-0.000430136419978867,0.000128101769215947,-3.3577711112933,0.000786317055530061,-0.000681217296934497,-0.000179055543023237,50463,50031
no_survey_period,temperature,saplings,Saplings,cumulative_site_CWD_mm,-5.66519426878121e-06,1.0174241721507e-06,-5.56817345592029,2.5873041308762e-08,-7.65935683828775e-06,-3.67103169927467e-06,50463,50031
no_survey_period,temperature,saplings,Saplings,disease_cumulative_mortality_pct,0.0018428134463441,0.000833700220611262,2.21040297313699,0.0270816774376486,0.00020875184289512,0.00347687504979308,50463,50031
no_survey_period,temperature,saplings,Saplings,fire_cumulative_mortality_pct,0.000539432855356608,0.000875490514994106,0.616149285592477,0.537798775692337,-0.00117653818479345,0.00225540389550667,50463,50031
no_survey_period,temperature,saplings,Saplings,insect_cumulative_mortality_pct,0.00187152562430118,0.000811404863168125,2.3065250274614,0.0210853442705038,0.000281163166698998,0.00346188808190335,50463,50031
baseline,temperature,seedlings,Seedlings,cumulative_site_CWD_mm,-5.50318618138192e-06,1.08608069797456e-06,-5.06701407330493,4.05313274096771e-07,-7.63190861766962e-06,-3.37446374509422e-06,59395,58711
baseline,temperature,seedlings,Seedlings,disease_cumulative_mortality_pct,0.000327389608039137,0.000682106930048107,0.47996815985442,0.631251801272596,-0.00100954265551053,0.00166432187158881,59395,58711
baseline,temperature,seedlings,Seedlings,fire_cumulative_mortality_pct,-0.000718540353677014,0.00042439824337649,-1.69308041418915,0.0904454064184867,-0.00155036257856457,0.000113281871210537,59395,58711
baseline,temperature,seedlings,Seedlings,full_survey_period_years,0.00835365283528453,0.00105545250030417,7.91475962478376,2.51986450158271e-15,0.00628496178679849,0.0104223438837706,59395,58711
baseline,temperature,seedlings,Seedlings,insect_cumulative_mortality_pct,-0.000488754538064454,0.000568831358292132,-0.859225728222682,0.390219459488461,-0.00160366623580354,0.000626157159674634,59395,58711
mean_monthly_CWD,temperature,seedlings,Seedlings,disease_cumulative_mortality_pct,0.000260556945841308,0.00068169374459081,0.382219945406288,0.702299596343109,-0.00107556547258826,0.00159667936427087,59395,58711
mean_monthly_CWD,temperature,seedlings,Seedlings,fire_cumulative_mortality_pct,-0.000773569617504174,0.000424177635289037,-1.82369260693591,0.0682035805800091,-0.00160495944967334,5.7820214664988e-05,59395,58711
mean_monthly_CWD,temperature,seedlings,Seedlings,full_survey_period_years,0.00732733289956824,0.00109762228269326,6.67564153452589,2.48310623240605e-11,0.00517598891187388,0.0094786768872626,59395,58711
mean_monthly_CWD,temperature,seedlings,Seedlings,insect_cumulative_mortality_pct,-0.000556107279084527,0.000568095594767869,-0.978897362004293,0.327634683225415,-0.00166957687742454,0.000557362319255482,59395,58711
mean_monthly_CWD,temperature,seedlings,Seedlings,mean_monthly_site_CWD_mm,-0.000655148669666072,0.000149225282473774,-4.39033291681799,1.13372413246653e-05,-0.000947630809764591,-0.000362666529567553,59395,58711
no_survey_period,temperature,seedlings,Seedlings,cumulative_site_CWD_mm,-5.73879159581985e-06,1.08710589711611e-06,-5.27896280485994,1.30372589550731e-07,-7.8695234257228e-06,-3.60805976591691e-06,59395,58711
no_survey_period,temperature,seedlings,Seedlings,disease_cumulative_mortality_pct,0.000634303556237736,0.000682182392177682,0.929815198268155,0.352470555070491,-0.000702776612923622,0.00197138372539909,59395,58711
no_survey_period,temperature,seedlings,Seedlings,fire_cumulative_mortality_pct,-0.000841179086418534,0.000424893781400529,-1.97973969787426,0.0477373944088478,-0.00167397256749486,-8.38560534220656e-06,59395,58711
no_survey_period,temperature,seedlings,Seedlings,insect_cumulative_mortality_pct,-0.000610530899350257,0.000570433509345623,-1.07029283754847,0.284491867003996,-0.0017285828190669,0.000507521020366391,59395,58711
baseline,temperature,trees,Adults,cumulative_site_CWD_mm,-1.50687434133757e-06,6.05227906368649e-07,-2.48976348493046,0.0127849914121605,-2.69311864935425e-06,-3.20630033320901e-07,73981,72893
baseline,temperature,trees,Adults,disease_cumulative_mortality_pct,0.000259678995623821,0.000384035156050748,0.676185478158427,0.498925005348587,-0.000493028394682815,0.00101238638593046,73981,72893
baseline,temperature,trees,Adults,fire_cumulative_mortality_pct,0.0010179412311086,0.000288668022074199,3.52633874647516,0.000421602466330254,0.000452153047040011,0.00158372941517718,73981,72893
baseline,temperature,trees,Adults,full_survey_period_years,0.00772037906757751,0.000612827482299112,12.5979648279045,2.36137706748679e-36,0.00651923962072803,0.008921518514427,73981,72893
baseline,temperature,trees,Adults,insect_cumulative_mortality_pct,0.00169259075289167,0.000401090794025886,4.2199690895484,2.44626655971298e-05,0.000906454379461972,0.00247872712632136,73981,72893
mean_monthly_CWD,temperature,trees,Adults,disease_cumulative_mortality_pct,0.000251258433688249,0.000384157552953254,0.654050484642751,0.5130813139784,-0.000501688854064272,0.00100420572144077,73981,72893
mean_monthly_CWD,temperature,trees,Adults,fire_cumulative_mortality_pct,0.000982968760632501,0.000288717167428084,3.40460793997415,0.000662942621824862,0.000417084251864247,0.00154885326940076,73981,72893
mean_monthly_CWD,temperature,trees,Adults,full_survey_period_years,0.00755476170284643,0.000616522730432181,12.2538250901967,1.73100483104543e-34,0.00634637958423902,0.00876314382145383,73981,72893
mean_monthly_CWD,temperature,trees,Adults,insect_cumulative_mortality_pct,0.00165947068426639,0.000400918307649591,4.13917412251673,3.48943824119778e-05,0.000873672383453536,0.00244526898507924,73981,72893
mean_monthly_CWD,temperature,trees,Adults,mean_monthly_site_CWD_mm,-8.83384039830393e-05,7.34057030302466e-05,-1.20342698641058,0.228814981141372,-0.000232213292234727,5.55364842686483e-05,73981,72893
no_survey_period,temperature,trees,Adults,cumulative_site_CWD_mm,-1.56199680826373e-06,6.0680041378271e-07,-2.57415251009217,0.0100505238375881,-2.75132322434318e-06,-3.72670392184284e-07,73981,72893
no_survey_period,temperature,trees,Adults,disease_cumulative_mortality_pct,0.00059176590281669,0.00038191132750223,1.5494850773004,0.121269433848226,-0.000156778791750744,0.00134031059738412,73981,72893
no_survey_period,temperature,trees,Adults,fire_cumulative_mortality_pct,0.00093878152864891,0.000289113373268961,3.24710516858577,0.00116637199100447,0.000372120458121456,0.00150544259917636,73981,72893
no_survey_period,temperature,trees,Adults,insect_cumulative_mortality_pct,0.00165524054280575,0.000401027944372446,4.12749427074459,3.67138827542157e-05,0.000869227354622623,0.00244125373098888,73981,72893
