response,group,group_label,term,estimate_baseline,estimate_common_histories,estimate_condition_prop_80,estimate_state_fixed_effects,estimate_mean_monthly_CWD,estimate_no_survey_period,conf_low_baseline,conf_low_common_histories,conf_low_condition_prop_80,conf_low_state_fixed_effects,conf_low_mean_monthly_CWD,conf_low_no_survey_period,conf_high_baseline,conf_high_common_histories,conf_high_condition_prop_80,conf_high_state_fixed_effects,conf_high_mean_monthly_CWD,conf_high_no_survey_period,p_value_baseline,p_value_common_histories,p_value_condition_prop_80,p_value_state_fixed_effects,p_value_mean_monthly_CWD,p_value_no_survey_period,n_baseline,n_common_histories,n_condition_prop_80,n_state_fixed_effects,n_mean_monthly_CWD,n_no_survey_period,sign_consistent
CWD,community,Pooled all live,disease_cumulative_mortality_pct,0.0804777086559402,,0.0705227404098115,0.0698477036972339,0.0825616900928073,0.0765492074252366,0.0124555026007492,,-0.00223199047139018,0.0005221641879367,0.014531359579876,0.00879157854177566,0.148499914711131,,0.143277471291013,0.139173243206531,0.150592020605739,0.144306836308698,0.0204036986410659,,0.0574544195566964,0.0482992299101536,0.0173784886653543,0.0268107264594741,77669,,53280,77669,77669,77669,TRUE
CWD,community,Pooled all live,fire_cumulative_mortality_pct,-0.112661501828298,,-0.0909150792980535,-0.113384534700169,-0.11149228866251,-0.111457687070211,-0.178069976920893,,-0.166033202570393,-0.179418686193791,-0.176824138849138,-0.176886301297002,-0.0472530267357028,,-0.0157969560257144,-0.0473503832065475,-0.0461604384758819,-0.0460290728434209,0.000735965516254312,,0.0176866096742127,0.000764625015609148,0.000823704166873635,0.000841649270951496,77669,,53280,77669,77669,77669,TRUE
CWD,community,Pooled all live,insect_cumulative_mortality_pct,0.0149680041977463,,-0.0117776946043676,0.0478562548253352,0.0174710154958366,0.0155637178122578,-0.0510342477125326,,-0.0880800366358322,-0.019374705698177,-0.0483961200577034,-0.0504055326429624,0.0809702561080252,,0.0645246474270971,0.115087215348847,0.0833381510493766,0.081532968267478,0.656691069714188,,0.76224291377375,0.162971356131024,0.603147762332252,0.643789052234552,77669,,53280,77669,77669,77669,FALSE
CWD,saplings,Saplings,disease_cumulative_mortality_pct,0.00623781649819615,0.00735483321694565,-0.0340242273981764,-0.00699021436210864,0.00865045928975958,-0.000154738911232534,-0.0928964855589332,-0.0990998018458098,-0.153140021688731,-0.108596280765866,-0.0905191245534804,-0.0989811588283161,0.105372118555326,0.113809468279701,0.0850915668923785,0.0946158520416486,0.107820043133,0.098671681005851,0.901846632365392,0.8922839098958,0.575576418922277,0.892736307781571,0.864248265312276,0.99755137538669,50463,42181,35675,50463,50463,50463,FALSE
CWD,saplings,Saplings,fire_cumulative_mortality_pct,0.00274429505341308,0.0569464448707704,-0.0231935983457017,-0.00202175826257098,0.0048410436584821,0.0035418107886087,-0.159502671712547,-0.113116759805544,-0.224342569143334,-0.164637381907443,-0.157302702573068,-0.158751977286361,0.164991261819373,0.227009649547085,0.17795537245193,0.160593865382301,0.166984789890032,0.165835598863578,0.973553324525841,0.511620691167441,0.821200810405882,0.980558919280105,0.953335416422074,0.965881694143669,50463,42181,35675,50463,50463,50463,FALSE
CWD,saplings,Saplings,insect_cumulative_mortality_pct,0.194713906363038,0.181155268262422,0.176218390020375,0.216178823534138,0.196867897521542,0.19492297402481,0.0862070488115111,0.0620983073516363,0.0513925521958109,0.103347682721616,0.0883179245574984,0.086460173099714,0.303220763914565,0.300212229173207,0.301044227844939,0.32900996434666,0.305417870485586,0.303385774949906,0.000436491657067091,0.00286220311853822,0.00566034400208986,0.000173340145464614,0.000378747605618771,0.000428009116155673,50463,42181,35675,50463,50463,50463,TRUE
CWD,seedlings,Seedlings,disease_cumulative_mortality_pct,0.0340918186036687,-0.0497981922245199,-0.0111967311365978,0.0162353494313728,0.0352335485132602,0.030798287378042,-0.0504431940154784,-0.156265161513969,-0.114481608787214,-0.0704304977745133,-0.0492021460895605,-0.0535704024032744,0.118626831222816,0.0566687770649298,0.0920881465140187,0.102901196637259,0.119669243116081,0.115166977159358,0.42927232725664,0.35926969348687,0.831734663535699,0.713491372266972,0.413431511084353,0.474310518551228,59395,42181,41245,59395,59395,59395,FALSE
CWD,seedlings,Seedlings,fire_cumulative_mortality_pct,-0.210810367458222,-0.13864929220084,-0.16474314908525,-0.214178393254885,-0.21093436208465,-0.209494316173729,-0.301498558105749,-0.317515039799609,-0.267996623282493,-0.305263526368097,-0.301554932079623,-0.300188585092141,-0.120122176810694,0.0402164553979287,-0.061489674888006,-0.123093260141672,-0.120313792089677,-0.118800047255317,5.22028633905746e-06,0.128687901869662,0.00176568494252747,4.05898468555412e-06,5.07134654831171e-06,5.98282593757756e-06,59395,42181,41245,59395,59395,59395,TRUE
CWD,seedlings,Seedlings,insect_cumulative_mortality_pct,-0.0198092145520895,-0.00284743252951558,-0.0553669424302944,0.0439704760536114,-0.0190442308668721,-0.0185024174814707,-0.100488979549605,-0.115018100955505,-0.14839071938735,-0.0390658362860157,-0.0995191579282179,-0.0990517113909636,0.0608705504454259,0.109323235896474,0.0376568345267613,0.127006788393239,0.0614306961944738,0.0620468764280221,0.630349396782141,0.960318049017526,0.243383640876788,0.299326905623959,0.64277051840869,0.652554284636171,59395,42181,41245,59395,59395,59395,FALSE
CWD,trees,Adults,disease_cumulative_mortality_pct,0.189783950390506,0.1653972747813,0.159901881919368,0.188584644565247,0.19139597138933,0.190303986305135,0.128063817676939,0.0994107053427259,0.101303824874985,0.12527306929275,0.129645330683326,0.128844134535875,0.251504083104074,0.231383844219875,0.21849993896375,0.251896219837744,0.253146612095334,0.251763838074396,1.68010472327223e-09,9.00984838237268e-07,8.90872250131541e-08,5.29899034047238e-09,1.2458768940298e-09,1.29394818998113e-09,73981,42181,50936,73981,73981,73981,TRUE
CWD,trees,Adults,fire_cumulative_mortality_pct,0.132605900149637,0.12571152502592,0.140784074549872,0.135706041525971,0.134296699413594,0.132481938959422,0.0799589452933698,-0.0132347002304342,0.0818321301372283,0.0824782523088197,0.0816720269151459,0.079821872602779,0.185252855005904,0.264657750282275,0.199736018962515,0.188933830743123,0.186921371912042,0.185142005316065,7.95907393013558e-07,0.0761817051019958,2.86586666729186e-06,5.83386697127295e-07,5.69108695190117e-07,8.20081730005038e-07,73981,42181,50936,73981,73981,73981,TRUE
CWD,trees,Adults,insect_cumulative_mortality_pct,0.100562356682281,0.0687858705366045,0.0892857842035168,0.0852018929236865,0.103035302063298,0.100503867623414,0.0566480896120152,-0.000345097963380558,0.0396066356652705,0.0402680478093116,0.0591746930908161,0.0566020435454242,0.144476623752546,0.13791683903659,0.138964932741763,0.130135738038061,0.14689591103578,0.144405691701404,7.18910207640706e-06,0.0511546216271215,0.000427667104748467,0.000202172866858936,4.14480025778213e-06,7.23440662173468e-06,73981,42181,50936,73981,73981,73981,TRUE
precipitation,community,Pooled all live,disease_cumulative_mortality_pct,0.0073061792886718,,0.0140409931136235,0.0127464040986342,0.00503353649031394,0.0214169430782819,-0.0568542648707521,,-0.0574805391912777,-0.0531564983149446,-0.0591470262122417,-0.0426396014219042,0.0714666234480957,,0.0855625254185246,0.0786493065122129,0.0692140991928696,0.085473487578468,0.823386985299079,,0.700397697649049,0.70462487130461,0.8778325369433,0.512268143866654,77669,,53280,77669,77669,77669,TRUE
precipitation,community,Pooled all live,fire_cumulative_mortality_pct,0.0644582931512428,,0.0434452097591618,0.0634288930668214,0.0623723744097465,0.0601343169831695,-0.00278548155989579,,-0.0353348814574867,-0.00393933499385556,-0.00481262207055516,-0.00710238576042018,0.131702067862381,,0.12222530097581,0.130797121127498,0.129557370890048,0.127371019726759,0.0602749437158425,,0.279748860690246,0.0649854309701806,0.0688244859670194,0.0796136305996002,77669,,53280,77669,77669,77669,TRUE
precipitation,community,Pooled all live,insect_cumulative_mortality_pct,0.0023782144407523,,0.00843351064866103,-0.00603159348178054,-0.00102283112572009,0.000238473708350451,-0.0518276124672987,,-0.0538144754517884,-0.0618271654775498,-0.055133148792941,-0.0539314976687933,0.0565840413488033,,0.0706814967491104,0.0497639785139887,0.0530874865415008,0.0544084450854942,0.931472707620718,,0.790589300043304,0.832202265290652,0.97044588032683,0.993115537590586,77669,,53280,77669,77669,77669,FALSE
precipitation,saplings,Saplings,disease_cumulative_mortality_pct,0.0560536697231003,0.0407829896952969,0.056276118779084,0.110794338100722,0.0494832900370567,0.068154947896759,-0.0521161189949802,-0.0755513894425863,-0.0786596810948514,-0.000715128978468496,-0.0586291257419751,-0.0397440192560176,0.164223458441181,0.15711736883318,0.19121191865302,0.222303805179912,0.157595705816088,0.176053915049536,0.309787024870376,0.492011938517398,0.413678298936586,0.0514874114232481,0.369669125026006,0.215702830816305,50463,42181,35675,50463,50463,50463,TRUE
precipitation,saplings,Saplings,fire_cumulative_mortality_pct,0.107349220785694,0.0546071695703417,0.167438495181289,0.130509140697585,0.0997029467423007,0.105839502192526,-0.0594438817223287,-0.117236572828986,-0.0318324879535674,-0.0359739012095832,-0.066947081495553,-0.0609788460320811,0.274142323293716,0.226450911969669,0.366709478316146,0.296992182604753,0.266352974980154,0.272657850417132,0.207142892442798,0.533393034389847,0.0995820729188558,0.124424777447028,0.240949629545732,0.213671818643072,50463,42181,35675,50463,50463,50463,TRUE
precipitation,saplings,Saplings,insect_cumulative_mortality_pct,-0.120310376839116,-0.140931258354189,-0.0802672710526937,-0.128386334358739,-0.126920414954288,-0.120706147508304,-0.222979170071592,-0.255959663953734,-0.19499916781917,-0.235726655328675,-0.229511973790697,-0.223330359099489,-0.0176415836066392,-0.0259028527546436,0.0344646257137829,-0.0210460133888036,-0.0243288561178796,-0.0180819359171188,0.0216342696703506,0.0163371973822844,0.170305159002963,0.0190663493434169,0.0153197346060732,0.0211506608435768,50463,42181,35675,50463,50463,50463,TRUE
precipitation,seedlings,Seedlings,disease_cumulative_mortality_pct,-0.0168170655235155,0.0423332408461894,0.00837568504381441,-0.0287554089810375,-0.019727645287655,-0.00491266770125862,-0.102172820171973,-0.0607936866250558,-0.0934815716554699,-0.116740166074815,-0.104979884385144,-0.0902284076733608,0.0685386891249415,0.145460168317435,0.110232941743099,0.0592293481127401,0.0655245938098339,0.0804030722708436,0.699374906173786,0.421065808980246,0.871958838420964,0.521802208078713,0.650153482665272,0.910140874968773,59395,42181,41245,59395,59395,59395,FALSE
precipitation,seedlings,Seedlings,fire_cumulative_mortality_pct,0.121726076034145,0.0743967542514541,0.0653873122878384,0.115834147219114,0.120447098702726,0.116969236954196,0.0260888723637196,-0.075551965057253,-0.0443226714036472,0.020005336443288,0.0248917339713911,0.0213105342552265,0.217363279704571,0.224345473560161,0.175097295979324,0.211662957994941,0.21600246343406,0.212627939653166,0.0126100063056365,0.330827292077339,0.24274264745231,0.0178309148260343,0.0134923532929095,0.0165489171629574,59395,42181,41245,59395,59395,59395,TRUE
precipitation,seedlings,Seedlings,insect_cumulative_mortality_pct,-0.0234185454983736,-0.0737559944305311,-0.0089475091263052,-0.0526727854536708,-0.0259467626591725,-0.0281419354211901,-0.0969958608085145,-0.179704013170406,-0.0911426946262277,-0.129088950300525,-0.0993503141365108,-0.101626160410994,0.0501587698117673,0.0321920243093444,0.0732476763736173,0.0237433793931835,0.0474567888181658,0.0453422895686136,0.532735341728943,0.172425935869727,0.83104585086488,0.176697944872125,0.488422592810437,0.452887836309536,59395,42181,41245,59395,59395,59395,TRUE
precipitation,trees,Adults,disease_cumulative_mortality_pct,-0.13260565355131,-0.12120684522095,-0.0942659565365926,-0.118857665346925,-0.134623726126855,-0.122109773120868,-0.187398617942676,-0.191014350968395,-0.150557646414506,-0.175380137809579,-0.189422541642092,-0.176744452977404,-0.0778126891599432,-0.0513993394735052,-0.0379742666586788,-0.0623351928842719,-0.0798249106116169,-0.067475093264333,2.10521441739681e-06,0.000666670146886784,0.00103058876877064,3.76731107991374e-05,1.47413757709218e-06,1.1849554809997e-05,73981,42181,50936,73981,73981,73981,TRUE
precipitation,trees,Adults,fire_cumulative_mortality_pct,-0.16382923019873,-0.0753699438844541,-0.158847691152048,-0.157149592290521,-0.166640848763093,-0.166331137843778,-0.220121562874853,-0.17913040579249,-0.218436613553845,-0.213676720815426,-0.222891246129558,-0.222606060368911,-0.107536897522607,0.0283905180235817,-0.0992587687502505,-0.100622463765615,-0.110390451396628,-0.110056215318645,1.17311613062143e-08,0.154532789887047,1.7498155251662e-07,5.08339737123362e-08,6.40693188443333e-09,6.93623449851238e-09,73981,42181,50936,73981,73981,73981,TRUE
precipitation,trees,Adults,insect_cumulative_mortality_pct,-0.0330059743178034,0.00842084812133197,-0.0238697030831102,-0.0185912910459414,-0.0366388953646222,-0.0341864584941517,-0.0728823543437603,-0.0604268843780747,-0.0675882634858185,-0.059608993374287,-0.0764844506477713,-0.0740193606244279,0.00687040570815346,0.0772685806207386,0.0198488573195982,0.0224264112824042,0.00320665991852691,0.00564644363612451,0.104742702659905,0.81053887438303,0.284562500613686,0.374345155480559,0.0715084203553696,0.0925419945838595,73981,42181,50936,73981,73981,73981,FALSE
temperature,community,Pooled all live,disease_cumulative_mortality_pct,0.00130913125314078,,0.00106557654793707,0.00123883610473194,0.00129579083145406,0.00163436346755368,0.000395044063488327,,6.23517568589171e-05,0.000312075246170932,0.000381550098602759,0.000719912906891445,0.00222321844279323,,0.00206880133901523,0.00216559696329295,0.00221003156430537,0.00254881402821592,0.00500096544772169,,0.037363159108754,0.00879472799914167,0.00547110210040409,0.000460264240798348,77669,,53280,77669,77669,77669,TRUE
temperature,community,Pooled all live,fire_cumulative_mortality_pct,4.18557506382091e-05,,-0.000110983227133842,0.000188344935023175,8.5587752635178e-06,-5.78054984039266e-05,-0.000560772088969103,,-0.000777742946759022,-0.000419062758467867,-0.000593382843449005,-0.000661670277251455,0.000644483590245521,,0.000555776492491338,0.000795752628514217,0.000610500393976041,0.000546059280443602,0.89171714015697,,0.744239092417848,0.543351775304692,0.977767179560595,0.851173283295627,77669,,53280,77669,77669,77669,FALSE
temperature,community,Pooled all live,insect_cumulative_mortality_pct,0.000612658402981776,,0.000487819297412577,0.00129207115126347,0.000575261423308102,0.000563340546978761,-0.000268775368968429,,-0.000527241249726045,0.000385702503905742,-0.000305137481044536,-0.000318879723777354,0.00149409217493198,,0.0015028798445512,0.00219843979862121,0.00145566032766074,0.00144556081773488,0.173096480669981,,0.346225691239287,0.00520628625603954,0.200309922160837,0.21073698740671,77669,,53280,77669,77669,77669,TRUE
temperature,saplings,Saplings,disease_cumulative_mortality_pct,0.00151282320067383,0.00119151409310474,0.000573474354792896,0.00267037816856018,0.0014225726822744,0.0018428134463441,-0.000122130644062412,-0.000575146982815831,-0.00127766627815723,0.000998905650934923,-0.000211744552337857,0.00020875184289512,0.00314777704541008,0.0029581751690253,0.00242461498774303,0.00434185068618544,0.00305688991688666,0.00347687504979308,0.069745473587246,0.186200618850606,0.543716812834995,0.00174102243087443,0.0880013719372529,0.0270816774376486,50463,42181,35675,50463,50463,50463,TRUE
temperature,saplings,Saplings,fire_cumulative_mortality_pct,0.000580601432948433,0.000334190341010673,0.000357611554603982,0.00119685339892247,0.000441801353727829,0.000539432855356608,-0.00113689187808495,-0.00172339356371662,-0.00169366974290121,-0.000514356978334334,-0.00127395257157014,-0.00117653818479345,0.00229809474398181,0.00239177424573796,0.00240889285210918,0.00290806377617927,0.0021575552790258,0.00225540389550667,0.507599446911193,0.750225462735736,0.7325762147209,0.170421786197367,0.613774013828947,0.537798775692337,50463,42181,35675,50463,50463,50463,TRUE
temperature,saplings,Saplings,insect_cumulative_mortality_pct,0.00188231791074236,0.00130434888005042,0.0024080991364803,0.00247722270660696,0.00177854481969138,0.00187152562430118,0.000292688408285709,-0.000426570148304054,0.000724364876475518,0.000824743477506978,0.000188687897757668,0.000281163166698998,0.00347194741319901,0.0030352679084049,0.00409183339648508,0.00412970193570695,0.0033684017416251,0.00346188808190335,0.020296454211237,0.139685768727097,0.00506159095669603,0.00330228750425195,0.0283386232479483,0.0210853442705038,50463,42181,35675,50463,50463,50463,TRUE
temperature,seedlings,Seedlings,disease_cumulative_mortality_pct,0.000327389608039137,7.45818438783017e-06,-0.000246692752270431,-0.000182530830308817,0.000260556945841308,0.000634303556237736,-0.00100954265551053,-0.00176089985112881,-0.00179918632276167,-0.0015555914149347,-0.00107556547258826,-0.000702776612923622,0.00166432187158881,0.00177581621990447,0.0013058008182208,0.00119052975431706,0.00159667936427087,0.00197138372539909,0.631251801272596,0.993404374148702,0.755460622549944,0.794434718281719,0.702299596343109,0.352470555070491,59395,42181,41245,59395,59395,59395,FALSE
temperature,seedlings,Seedlings,fire_cumulative_mortality_pct,-0.000718540353677014,-0.000149533702616555,-0.000808614902100397,-0.000688642137037583,-0.000773569617504174,-0.000841179086418534,-0.00155036257856457,-0.0019725388856409,-0.00172136201500958,-0.00152157999209976,-0.00160495944967334,-0.00167397256749486,0.000113281871210537,0.00167347148040779,0.000104132210808789,0.000144295718024597,5.7820214664988e-05,-8.38560534220656e-06,0.0904454064184867,0.872273363038978,0.0824989517010687,0.105139112293206,0.0682035805800091,0.0477373944088478,59395,42181,41245,59395,59395,59395,TRUE
temperature,seedlings,Seedlings,insect_cumulative_mortality_pct,-0.000488754538064454,-0.000732810610892904,-0.000579909388268439,0.000529417585810964,-0.000556107279084527,-0.000610530899350257,-0.00160366623580354,-0.00233910656016453,-0.00184376700274684,-0.000620798554604247,-0.00166957687742454,-0.0017285828190669,0.000626157159674634,0.000873485338378722,0.000683948226209958,0.00167963372622618,0.000557362319255482,0.000507521020366391,0.390219459488461,0.371228724520034,0.368478031641872,0.366984050688693,0.327634683225415,0.284491867003996,59395,42181,41245,59395,59395,59395,FALSE
temperature,trees,Adults,disease_cumulative_mortality_pct,0.000259678995623821,-0.000480724206819169,0.000306678721372441,0.000647918984904543,0.000251258433688249,0.00059176590281669,-0.000493028394682815,-0.0015287096305201,-0.000490311936740682,-0.000123369989584799,-0.000501688854064272,-0.000156778791750744,0.00101238638593046,0.00056726121688176,0.00110366937948556,0.00141920795939388,0.00100420572144077,0.00134031059738412,0.498925005348587,0.368611911453175,0.450730229462457,0.0996674122757032,0.5130813139784,0.121269433848226,73981,42181,50936,73981,73981,73981,FALSE
temperature,trees,Adults,fire_cumulative_mortality_pct,0.0010179412311086,0.00146305915231704,0.00103148754822868,0.00131120721184175,0.000982968760632501,0.00093878152864891,0.000452153047040011,9.22129313965122e-05,0.000419152899634263,0.000742774390041167,0.000417084251864247,0.000372120458121456,0.00158372941517718,0.00283390537323757,0.0016438221968231,0.00187964003364233,0.00154885326940076,0.00150544259917636,0.000421602466330254,0.0364565382610868,0.000961774212936901,6.16045412524021e-06,0.000662942621824862,0.00116637199100447,73981,42181,50936,73981,73981,73981,TRUE
temperature,trees,Adults,insect_cumulative_mortality_pct,0.00169259075289167,0.00193223823775837,0.00167920907823739,0.00189767946395519,0.00165947068426639,0.00165524054280575,0.000906454379461972,0.000760829648779502,0.000821045779448499,0.00108105641637879,0.000873672383453536,0.000869227354622623,0.00247872712632136,0.00310364682673723,0.00253737237702629,0.00271430251153159,0.00244526898507924,0.00244125373098888,2.44626655971298e-05,0.00122568961316961,0.000125589580690583,5.25528085180626e-06,3.48943824119778e-05,3.67138827542157e-05,73981,42181,50936,73981,73981,73981,TRUE
